health,midwest,northeast,other,west
average,0.8271391529818496,0.8291517323775388,0.7664188351920694,0.7781954887218046
excellent,0.07778738115816768,0.06810035842293907,0.06505576208178439,0.11403508771929824
poor,0.09507346585998272,0.1027479091995221,0.16852540272614622,0.10776942355889724
